Video ID,Video Title,Category ID,Channel Title,Description,Published Date
8UQK-UcRezE,Strawberry Fields Forever -  Restored HD Video,10,The Beatles,"THE BEATLES‚Äô VIDEOS AND TOP HITS COME TOGETHER FOR THE FIRST TIME

All-New Editions of The Beatles 1 Pair Beautifully Restored Promotional Films and Videos with Brand New Stereo and Surround Audio Mixes 

Preorder your copy at http://www.thebeatles.com

Beatles 1+ Deluxe Edition Celebrates the Sight & Sound of The Beatles in 50 Films & Videos 

London ‚Äì September 15, 2015 ‚Äì After The Beatles stopped touring, and because travelling around the globe to promote new releases was impossible, the band increasingly made what could be described as ‚Äúmini movies‚Äù. These pioneering promotional films and videos helped to define the way we have come to watch music, not least because The Beatles approached filming with the same ease and innovative spirit they brought to the recording studio, exploring new creative possibilities with infectious delight. Showcasing the band‚Äôs filmed work to accompany their 27 No.1, U.K. and U.S. singles, The Beatles 1 is newly restored and expanded in multiple configurations for global release on November 6 by Apple Corps Ltd/UMG.

The 27-track CD/DVD and CD/Blu-ray pairs beautifully restored videos for each song, with new stereo and 5.1 Dolby Digital and DTS HD surround audio mixes. The brand new Beatles 1+ celebrates their career in over 200 minutes through 50 promotional films and videos. This includes the 27 No.1s, with the restored videos, along with a second disc of 23 videos, including alternate versions, as well as rarely seen and newly restored films and videos; all include new audio mixes in deluxe CD/2-DVD and CD/2-Blu-ray packages. The 27-track audio CD is also being made available with new stereo mixes. A 2 LP, 180-gram vinyl package will follow.

The new editions of The Beatles 1 have been made possible following extensive research, and restoration of the original promo films, classic television appearances and other carefully selected videos spanning the band‚Äôs history. Apple Corps dug deep into The Beatles‚Äô vaults to select a broad range of films and videos for their rarity, historical significance and quality of performance. An 18-person team of film and video technicians and restoration artists was assembled by Apple Corps to undertake painstaking frame-by-frame cleaning, colour-grading, digital enhancement and new edits that took months of dedicated, ‚Äòround-the-clock work to accomplish.

The result is a visual run down of The Beatles‚Äô number one records, as well as the additional tracks on the bonus disc of Beatles 1+ that show the band in previously unseen standards of clarity and quality; many of the films and videos have never before been commercially released, in whole or in part.

Beatles 1 and Beatles 1+ offers the restored films, including 35mm negatives scanned in 4K and digitally restored with new stereo and 5.1 surround audio remixes, produced from the original analogue tapes by the GRAMMY¬Æ winning team of Giles Martin with Sam Okell at Abbey Road Studios. For four of the videos, Paul McCartney and Ringo Starr have provided exclusive audio commentary and filmed introductions, respectively. The 1+ Deluxe Edition, presented in an expanded 124-page illustrated hardcover book includes ‚Äòan appreciation‚Äô of The Beatles‚Äô ground-breaking films and videos by music journalist and author Mark Ellen and extensive, detailed track/video annotation by music historian and author Richard Havers. 

‚ÄúThese videos and films are spectacular reminders of the era we lived in. They also rock!‚Äù ‚Äì Paul McCartney

""I think it‚Äôs really interesting to see the videos we made, some of them incredible and some of them really incredible.  How else would we have got to sit on a horse?"" ‚Äì Ringo Starr

Between 1962 and 1970, The Beatles released 27 No.1 hit singles in the U.S. and the U.K. In 2000, these timeless songs were collected for The Beatles 1, which topped the charts in 35 countries and became that decade‚Äôs bestselling album worldwide. 15 years later, 1 is revisited for this entirely new, visually-inspired presentation. 

It‚Äôs The Beatles, as you‚Äôve never seen them before. 

thebeatles.com
#THEBEATLES1

Available to pre-order now
1+ Deluxe 2Blu-ray/CD: ¬†¬†http://thebeatles1.lnk.to/DeluxeBluRay
1+ Deluxe 2DVD/CD: ¬†http://thebeatles1.lnk.to/DeluxeDVD
CD/Blu-ray: http://thebeatles1.lnk.to/CDBlu-Ray
CD/DVD: http://thebeatles1.lnk.to/CDDVD
Blu-ray: http://thebeatles1.lnk.to/Blu-Ray
DVD: ¬†http://thebeatles1.lnk.to/DVD
1CD: ¬†http://thebeatles1.lnk.to/CD",2015-09-15T13:04:50Z
vefJAtG-ZKI,Yellow Submarine Original Trailer - 1968 (Beatles Official),10,The Beatles,"Yellow Submarine Feature Film Restored For May Release on DVD and Blu-ray
Once upon a time...or maybe twice...there was an unearthly paradise called Pepperland...

The Beatles' classic 1968 animated feature film, Yellow Submarine, has been digitally restored for DVD and Blu-ray release on May 28 (May 29 in North America). The film's songtrack album will be reissued on CD on the same date.

Currently out of print, the film has been restored in 4K digital resolution - all done by hand, frame by frame.

John Lasseter, Chief Creative Officer, Walt Disney and Pixar Animation Studios writes ""As a fan of animation and as a filmmaker, I tip my hat to the artists of Yellow Submarine, whose revolutionary work helped pave the way for the fantastically diverse world of animation that we all enjoy today.""",2012-03-20T15:08:19Z
Tb83rbm0IVI,The Beatles: Get Back | Official Trailer | Disney+,10,The Beatles,"The official trailer for #TheBeatlesGetBack is here! The Disney+ original docuseries, directed by
Peter Jackson, will be arriving on Disney+ just in time for the Thanksgiving holiday. Made
entirely from never-before-seen, restored footage, it provides the most intimate and honest
glimpse into the creative process and relationship between John, Paul, George, and Ringo ever
filmed.  Be sure to check them both out, and don‚Äôt forget to watch ‚ÄúThe Beatles: Get Back‚Äù when
it rolls out over three days, November 25, 26, and 27, 2021, exclusively on Disney+.

Directed by three-time Oscar¬Æ-winning filmmaker Peter Jackson (‚ÄúThe Lord of the Rings‚Äù trilogy,
‚ÄúThey Shall Not Grow Old‚Äù), ‚ÄúThe Beatles: Get Back‚Äù takes audiences back in time to the band‚Äôs
January 1969 recording sessions, which became a pivotal moment in music history. The
docuseries showcases The Beatles‚Äô creative process as they attempt to write 14 new songs in
preparation for their first live concert in over two years. Faced with a nearly impossible deadline,
the strong bonds of friendship shared by John Lennon, Paul McCartney, George Harrison, and
Ringo Starr are put to the test. The docuseries is compiled from nearly 60 hours of unseen
footage shot over 21 days, directed by Michael Lindsay-Hogg in 1969, and from more than 150
hours of unheard audio, most of which has been locked in a vault for over half a century.
Jackson is the only person in 50 years to have been given access to this Beatles treasure trove,
all of which has now been brilliantly restored.  What emerges is an unbelievably intimate portrait
of The Beatles, showing how, with their backs against the wall, they could still rely on their
friendship, good humor, and creative genius. While plans derail and relationships are put to the
test, some of the world‚Äôs most iconic songs are composed and performed. The docuseries
features ‚Äì for the first time in its entirety ‚Äì The Beatles‚Äô last live performance as a group, the
unforgettable rooftop concert on London‚Äôs Savile Row, as well as other songs and classic
compositions featured on the band‚Äôs final two albums, Abbey Road and Let It Be.

An exciting new collaboration between The Beatles and Jackson presented by The Walt Disney
Studios in association with Apple Corps Ltd. and WingNut Films Productions Ltd., ‚ÄúThe Beatles:
Get Back‚Äù is directed by Peter Jackson, produced by Paul McCartney, Ringo Starr, Yoko Ono
Lennon, Olivia Harrison, Peter Jackson, Clare Olssen (‚ÄúThey Shall Not Grow Old‚Äù) and
Jonathan Clyde (‚ÄúEight Days a Week‚Äù), with Apple Corps‚Äô Jeff Jones (‚ÄúEight Days a Week‚Äù) and
Ken Kamins (‚ÄúThe Hobbit‚Äù trilogy) serving as executive producers. Jabez Olssen (‚ÄúRogue One:
A Star Wars Story‚Äù) serves as the film‚Äôs editor, the music supervisor is Giles Martin
(‚ÄúRocketman‚Äù), Michael Hedges (‚ÄúThe Adventures of Tintin‚Äù) and Brent Burge (‚ÄúThe Hobbit‚Äù
trilogy) serve as the series re-recording mixers, and the music is mixed by Giles Martin and Sam
Okell (‚ÄúYesterday‚Äù).

#TheBeatlesGetBack",2021-10-13T13:00:34Z
385eTo76OzA,"Watch The Beatles rehearsing ‚ÄúDon‚Äôt Let Me Down‚Äù in ""The Beatles: Get Back""",10,The Beatles,"Watch The Beatles rehearsing ‚ÄúDon‚Äôt Let Me Down‚Äù in the Apple Studios, from Peter Jackson‚Äôs Original Docuseries ""The Beatles: Get Back"". 

Experience the three-part event on Disney+ starting tomorrow, November 25th.

#thebeatlesgetback",2021-11-24T19:10:41Z
KgFTpwB_uII,Now And Then ‚Äì The Last Beatles Song (Short Film Trailer),10,The Beatles,"Now and Then's eventful journey to fruition took place over five decades and is the product of conversations and collaborations between the four Beatles that go on to this day. The long mythologised John Lennon demo was first worked on in February 1995 by Paul, George and Ringo as part of The Beatles Anthology project but it remained unfinished, partly because of the impossible technological challenges involved in working with the vocal John had recorded on tape in the 1970s. For years it looked like the song could never be completed. But in 2022 there was a stroke of serendipity. A software system developed by Peter Jackson and his team, used throughout the production of the documentary series Get Back, finally opened the way for the uncoupling of John‚Äôs vocal from his piano part. 

As a result, the original recording could be brought to life and worked on anew with contributions from all four Beatles. This remarkable story of musical archaeology reflects The Beatles‚Äô endless creative curiosity and shared fascination with technology. It marks the completion of the last recording that John, Paul and George and Ringo will get to make together and celebrates the legacy of the foremost and most influential band in popular music history. 

Order/Listen to Now And Then: https://TheBeatles.lnk.to/NowAndThenYT 
Order/Listen to Red and Blue: https://TheBeatles.lnk.to/RedAndBlue2023YT
 
Video Director: Oliver Murray
Producers: Jonathan Clyde and Sophie Hilton
Original score: Paul Englishby

Watch more videos from The Beatles: https://thebeatles.lnk.to/YTPlaylists
Subscribe to The Beatles‚Äô YouTube channel & ring the bell to never miss a new video: https://thebeatles.lnk.to/YTSignup
Sign up for The Beatles‚Äô Official Email List: https://www.thebeatles.com/newsletter

Stream The Beatles:
üéôÔ∏è Apple Music: https://thebeatles.lnk.to/stream/Appl...
üéôÔ∏è Spotify: https://thebeatles.lnk.to/stream/Spotify
üéôÔ∏è Amazon Music: https://thebeatles.lnk.to/stream/Amaz...
üéôÔ∏è Pandora: https://thebeatles.lnk.to/stream/Pandora
üéôÔ∏è Tidal: https://thebeatles.lnk.to/stream/Tidal
üéôÔ∏è Deezer: https://thebeatles.lnk.to/stream/Deezer
üéôÔ∏è YouTube Music: https://thebeatles.lnk.to/stream/YouT...
 
Follow The Beatles:
‚≠ê https://www.thebeatles.com
‚≠ê https://www.instagram.com/thebeatles
‚≠ê https://www.facebook.com/thebeatles
‚≠ê https://www.tiktok.com/@thebeatles
‚≠ê https://twitter.com/thebeatles
 
#TheBeatles #NowAndThen #JohnLennon #PaulMcCartney #GeorgeHarrison #RingoStarr",2023-10-26T12:51:56Z
tHglEvMMaLU,Paperback Writer,10,The Beatles,#OTD The Beatles appear on the Ed Sullivan Show in a pre-recorded video filmed in Abbey Road Studios,2020-06-05T12:44:52Z
DGEX_7IqaC4,The Fool On The Hill,10,The Beatles,"October 30 / 31 1967 - Paul was in France filming 'The Fool On The Hill' sequence that was used in their film ""Magical Mystery Tour"".  ""I wandered off to France and did the 'Fool On The Hill' part one morning with a couple of mates.  It wasn't quite ""union"" - you were supposed to take millions of cameramen, but we didn't want to do that...""",2011-10-31T16:27:47Z
nSrCk1icisI,Watch the first clip from The Beatles: Get Back - which premieres on Disney+ from November 25,10,The Beatles,"The Disney+ original docuseries, directed by Peter Jackson, will be arriving on Disney+ just in time for the Thanksgiving holiday. Made entirely from never-before-seen, restored footage, it provides the most intimate and honest glimpse into the creative process and relationship between John, Paul, George, and Ringo ever filmed.  ‚ÄúThe Beatles: Get Back‚Äù rolls out over three days, November 25, 26, and 27, 2021, exclusively on Disney+.

Read the story at https://thebeatles.com/beatles-get-back-disney-original-documentary-series-directed-peter-jackson-debut-exclusively-disney

Disney+:  https://www.disneyplus.com/series/the-beatles-get-back/7DcWEeWVqrkE

Directed by three-time Oscar¬Æ-winning filmmaker Peter Jackson (‚ÄúThe Lord of the Rings‚Äù trilogy, ‚ÄúThey Shall Not Grow Old‚Äù), ‚ÄúThe Beatles: Get Back‚Äù takes audiences back in time to the band‚Äôs January 1969 recording sessions, which became a pivotal moment in music history. The docuseries showcases The Beatles‚Äô creative process as they attempt to write 14 new songs in preparation for their first live concert in over two years. Faced with a nearly impossible deadline, the strong bonds of friendship shared by John Lennon, Paul McCartney, George Harrison, and Ringo Starr are put to the test. The docuseries is compiled from nearly 60 hours of unseen footage shot over 21 days, directed by Michael Lindsay-Hogg in 1969, and from more than 150 hours of unheard audio, most of which has been locked in a vault for over half a century. 

Jackson is the only person in 50 years to have been given access to this Beatles treasure trove, all of which has now been brilliantly restored.  What emerges is an unbelievably intimate portrait of The Beatles, showing how, with their backs against the wall, they could still rely on their friendship, good humor, and creative genius. While plans derail and relationships are put to the test, some of the world‚Äôs most iconic songs are composed and performed. The docuseries features ‚Äì for the first time in its entirety ‚Äì The Beatles‚Äô last live performance as a group, the unforgettable rooftop concert on London‚Äôs Savile Row, as well as other songs and classic compositions featured on the band‚Äôs final two albums, Abbey Road and Let It Be.
#thebeatlesgetback",2021-11-12T14:25:00Z
ep7SqGjbQa8,Let It Be - 1s Preview,10,The Beatles,"""The Beatles added to the gaiety of nations and they raised the sum of human happiness. You can watch this footage over and over again and never tire of remembering why."" - Mark Ellen 


ALL-NEW EDITIONS OF THE BEATLES 1 VIDEO COLLECTION PAIR BEAUTIFULLY RESTORED PROMOTIONAL FILMS AND VIDEOS WITH BRAND NEW STEREO SURROUND AUDIO MIXES. 


Explore The Beatles 1 Blu-ray/DVD at thebeatles.com

Available to pre-order:
1+ Deluxe 2Blu-ray/CD: http://thebeatles1.lnk.to/DeluxeBluRay
1+ Deluxe 2DVD/CD: http://thebeatles1.lnk.to/DeluxeDVD
CD/Blu-ray: http://thebeatles1.lnk.to/CDBlu-Ray
CD/DVD: http://thebeatles1.lnk.to/CDDVD
Blu-ray: http://thebeatles1.lnk.to/Blu-Ray
DVD: http://thebeatles1.lnk.to/DVD
1CD: http://thebeatles1.lnk.to/CD",2016-05-23T15:04:35Z
ssBUgHLdrCA,Here Comes the Sun,10,The Beatles,"Now available from iTunes, each album download will benefit the George Harrison Fund for UNICEF - helping to provide immediate emergency relief for children in famine and drought-stricken regions in the Horn of Africa. Order the album HERE: http://bit.ly/r7kjrp
Watch the entire historic concert free on TheConcertForBangladesh.com, itunes.com/TheBeatles and GeorgeHarrison.com between July 29, 11:59 p.m. EDT and August 1, 11:59 p.m. EDT.",2011-07-29T20:28:41Z
DvYhIotxgOA,Michelle,10,The Beatles,On this day - 3rd November 1965 - Michelle was recorded at Abbey Road studios.,2011-11-03T18:29:29Z
mVsiIxE_6OM,The Long And Winding Road - 1s Preview,10,The Beatles,"""Because they broke up in 1970 ‚Äì officially in April when the oldest, Ringo, was 29 and George had just turned 27 ‚Äì our mental image of them has never aged, frozen forever in sound and vision, a shorthand for eternal youth."" - Mark Ellen


ALL-NEW EDITIONS OF THE BEATLES 1 VIDEO COLLECTION PAIR BEAUTIFULLY RESTORED PROMOTIONAL FILMS AND VIDEOS WITH BRAND NEW STEREO SURROUND AUDIO MIXES. 


Explore The Beatles 1 Blu-ray/DVD at thebeatles.com

Available to pre-order:
1+ Deluxe 2Blu-ray/CD: http://thebeatles1.lnk.to/DeluxeBluRay
1+ Deluxe 2DVD/CD: http://thebeatles1.lnk.to/DeluxeDVD
CD/Blu-ray: http://thebeatles1.lnk.to/CDBlu-Ray
CD/DVD: http://thebeatles1.lnk.to/CDDVD
Blu-ray: http://thebeatles1.lnk.to/Blu-Ray
DVD: http://thebeatles1.lnk.to/DVD
1CD: http://thebeatles1.lnk.to/CD",2015-11-03T14:31:03Z
W4L-2i7cmcM,GET THE BEATLES‚Äô REVOLVER INTO YOUR LIFE WITH THE NEWLY MIXED AND EXPANDED SPECIAL EDITION,10,The Beatles,"Turn off your mind, relax and float downstream‚Ä¶ 

On 28th October, 'Revolver' will be released worldwide in a range of beautifully presented, newly-mixed and expanded Special Edition packages.

The new stereo mix, sourced directly from the original four-track master tapes, is brought forth in stunning clarity with the help of cutting edge de-mixing technology developed by Peter Jackson‚Äôs WingNut Films Productions Ltd.

Showcasing GRAMMY-winning original album artwork created by Klaus Voormann, the Super Deluxe CD and vinyl house a beautiful book featuring Paul McCartney‚Äôs foreword, an introduction by Giles Martin, an enlightening essay by Questlove, and insightful chapters by Kevin Howlett.

Available across 5CD/4LP Super Deluxe, 2CD Deluxe, Picture Disk, 1LP, 1CD, Download and Streaming. Dolby Atmos Mixes + original mono mix accompany never-before-released session recordings and demos, plus the ‚ÄúPaperback Writer‚Äù and ‚ÄúRain‚Äù EP.

Pre-order now: https://TheBeatles.lnk.to/Revolver2022",2022-09-26T16:25:16Z
uOlwwoZLoKE,Yellow Submarine US Theatrical Trailer - 2018 (Beatles Official),10,The Beatles,"THE BEATLES‚Äô YELLOW SUBMARINE 
IN THEATERS ACROSS NORTH AMERICA THIS JULY TO CELEBRATE THE 50TH ANNIVERSARY

Restored 4K Theatrical Version With Remixed 5.1 Stereo Surround Sound 

Once upon a time‚Ä¶or maybe twice‚Ä¶there was an unearthly paradise called Pepperland‚Ä¶

NEW YORK / LONDON / LOS ANGELES ‚Äì APRIL 03, 2018 ‚Äì Abramorama announced today a deal with Apple Corps Ltd. and Universal Music Group (UMG) to theatrically release The Beatles‚Äô classic 1968 animated feature film, Yellow Submarine, across North America this July in celebration of its 50th anniversary. Abramorama, Apple Corps Ltd. and UMG have teamed to give Beatles fans of all ages the opportunity to come together and share in this visually stunning movie and soundtrack.  Abramorama originally partnered with Apple Corps, Imagine Entertainment, White Horse Pictures, StudioCanal and UMG‚Äôs Polygram Entertainment on the Ron Howard documentary The Beatles:  Eight Days a Week ‚Äì The Touring Years. Abramorama has a proven track record in the music-driven film space, partnering numerous times with Neil Young, Pearl Jam and Green Day and now once again with Apple Corps Ltd.

Yellow Submarine was restored in 4K digital resolution by Paul Rutan Jr. and his team of specialists at Triage Motion Picture Services and Eque Inc.  The film‚Äôs songs and score were remixed in 5.1 stereo surround sound at UMG‚Äôs Abbey Road Studios by music mix engineer Peter Cobbin. Due to the delicate nature of the hand-drawn original artwork, no automated software was used in the digital clean-up of the film‚Äôs restored photochemical elements.  This was all done by hand, frame by frame. 

Richard Abramowitz, CEO of Abramorama said, ‚ÄúWe‚Äôre thrilled to have the privilege of bringing Yellow Submarine back to the big screen so that 3 generations of happy Beatles fans can enjoy the ground-breaking animation and classic tunes and that have long been part of our collective cultural DNA.‚Äù

Directed by George Dunning, and written by Lee Minoff, Al Brodax, Jack Mendelsohn and Erich Segal, Yellow Submarine began its voyage to the screen when Brodax, who had previously produced nearly 40 episodes of ABC‚Äôs animated Beatles TV series, approached The Beatles‚Äô manager Brian Epstein with a unique vision for a full-length animated feature.  

Yellow Submarine, based upon a song by John Lennon and Paul McCartney, is a fantastic tale brimming with peace, love, and hope, propelled by Beatles songs, including ‚ÄúEleanor Rigby,‚Äù ‚ÄúWhen I‚Äôm Sixty-Four,‚Äù ‚ÄúLucy in the Sky With Diamonds,‚Äù ‚ÄúAll You Need Is Love,‚Äù and ‚ÄúIt‚Äôs All Too Much.‚Äù  When the film debuted in 1968, it was instantly recognized as a landmark achievement, revolutionizing a genre by integrating the freestyle approach of the era with innovative animation techniques. 

Inspired by the generation‚Äôs new trends in art, the film resides with the dazzling Pop Art styles of Andy Warhol, Martin Sharp, Alan Aldridge and Peter Blake. With art direction and production design by Heinz Edelmann, Yellow Submarine is a classic of animated cinema, featuring the creative work of animation directors Robert Balser and Jack Stokes with a team of animators and technical artists.

Information on local screenings can be found here:  http://www.yellowsubmarine.film/

¬© Subafilms Ltd 1968",2018-04-03T14:51:13Z
Cmqd6PYAvJ8,The Beatles - Let It Be | Special Edition Releases [Official Trailer],10,The Beatles,"The Beatles‚Äô Let It Be Special Edition now available: https://TheBeatles.lnk.to/LetItBe2021

For more information: https://www.thebeatles.com

This fall, The Beatles invite everyone everywhere to get back to the chart-topping 1970 album, Let It Be.

Experience New Mixes in Stereo, 5.1 Surround, Dolby Atmos and explore never before released session recordings, rehearsals & studio Jams;  plus the previously unreleased 1969 Get Back LP Mix by Glyn Johns.

Presented in Special edition packages; Super deluxe 5CD + Blu-ray set, super deluxe 4LP + 12‚Äù EP vinyl, deluxe 2CD, standard CD, limited edition picture disc and standard 1LP vinyl, digital & streaming.

Stream:
‚ÄúLet It Be‚Äù (2021 Stereo Mix): https://TheBeatles.lnk.to/LetItBe2021StereoMix
‚ÄúDon‚Äôt Let Me Down‚Äù (First Rooftop Performance): https://TheBeatles.lnk.to/DontLetMeDown2021
‚ÄúFor You Blue‚Äù (Get Back LP Mix): https://TheBeatles.lnk.to/ForYouBlue2021  
‚ÄúGet Back‚Äù (Take 8): https://TheBeatles.lnk.to/GetBackTake8
‚ÄúOne After 909‚Äù (Take 3): https://TheBeatles.lnk.to/OneAfter909Take3
‚ÄúI Me Mine‚Äù (1970 Glyn Johns Mix): https://TheBeatles.lnk.to/IMeMine1970Mix
‚ÄúAcross The Universe‚Äù (2021 Mix): https://TheBeatles.lnk.to/AcrossTheUniverse2021Mix

Subscribe to The Beatles on YouTube https://thebeatles.lnk.to/subscribe

#TheBeatles #LetItBe #OfficialTrailer #SpecialEditionReleases #JohnLennon #PaulMcCartney #GeorgeHarrison #RingoStarr",2021-08-26T13:03:44Z
sa3948JzWCc,The Inner Light,10,The Beatles,"The Material World Foundation, created by George Harrison in 1973, is today donating $500,000 to the MusiCares COVID-19 Relief Fund, Save the Children, and Medecins Sans Frontieres (Doctors Without Borders) charities, which are providing much needed aid and care during this COVID-19 pandemic.
http://materialworldfoundation.com

WITHOUT GOING OUT OF MY DOOR, I CAN KNOW ALL THINGS OF EARTH.
WITHOUT LOOKING OUT OF MY WINDOW, I COULD KNOW THE WAYS OF HEAVEN.

Olivia Harrison said, ""These lyrics sung by George are a positive reminder to all of us who are isolating, quarantined or respecting the request to stay in our homes. Let‚Äôs get and stay connected at this difficult time.  There are things we can do to help and we invite you to share your Inner Light.""

The Inner Light Challenge:
Material World Foundation will donate another $1 (up to $100,000) for every one of you who shares their own ""Inner Light"" moment on social media using the hashtag #innerlight2020 

This can be a verse, a chorus, or a line from the song, sing it, play it, hum it, strum it, paint it, knit it, chant it, plant it, pray or meditate and post it to social media. 

For more information: http://materialworldfoundation.com

Remember to hashtag #innerlight2020

The Inner Light (Remastered 2009) - Performed by The Beatles
‚Ñó 2009 Calderstone Productions Limited (a division of Universal Music Group)
Producer: George Martin
Composer Lyricist: George Harrison",2020-03-26T16:50:55Z
FvR2_CCoX60,Let It Be Official Trailer,10,The Beatles,"See The Beatles like never before.
Let it Be, fully restored for the first time, is streaming May 8 only on @DisneyPlus.",2024-04-30T01:03:41Z
Yx_7xjpySK0,"The Beatles At Home, From The Film Help!",10,The Beatles, ,2011-09-09T12:50:02Z
G2uCNd1AVJo,Today Pepperland Goes Blue!,10,The Beatles,The Yellow Submarine is en route and the countdown is under way.... http://www.yellowsubmarine.com,2012-05-17T12:39:18Z
npiczLJ3SEc,The Beatles ‚ÄòRed‚Äô and ‚ÄòBlue‚Äô albums (2023 editions) are out now!,10,The Beatles,"Listen to the newly-expanded and remixed albums today, including the last Beatles song, ‚ÄúNow And Then‚Äù. 

Buy here: 'Red' and 'Blue': https://TheBeatles.lnk.to/RedAndBlue2023YT 

Watch more videos from The Beatles: https://thebeatles.lnk.to/YTPlaylists
Subscribe to The Beatles‚Äô YouTube channel & ring the bell to never miss a new video: https://thebeatles.lnk.to/YTSignup
Sign up for The Beatles‚Äô Official Email List: https://www.thebeatles.com/newsletter
 
Stream The Beatles:
üéôÔ∏è Apple Music: https://thebeatles.lnk.to/stream/AppleMusic
üéôÔ∏è Spotify: https://thebeatles.lnk.to/stream/Spotify
üéôÔ∏è Amazon Music: https://thebeatles.lnk.to/stream/AmazonMusic
üéôÔ∏è Pandora: https://thebeatles.lnk.to/stream/Pandora
üéôÔ∏è Tidal: https://thebeatles.lnk.to/stream/Tidal
üéôÔ∏è Deezer: https://thebeatles.lnk.to/stream/Deezer
üéôÔ∏è YouTube Music: https://thebeatles.lnk.to/stream/YouTubeMusic
 
Follow The Beatles:
‚≠ê https://www.thebeatles.com
‚≠ê https://www.instagram.com/thebeatles
‚≠ê https://www.facebook.com/thebeatles
‚≠ê https://www.tiktok.com/@thebeatles
‚≠ê https://twitter.com/thebeatles
 
#TheBeatles #NowAndThen #JohnLennon #PaulMcCartney #GeorgeHarrison #RingoStarr",2023-11-10T10:03:00Z
6wOsA-Bagpg,Celebrating the anniversary of our 1969 classic ‚ÄòAbbey Road‚Äô with Amazon Music HD,10,The Beatles,"Thank you to all the fans for being a part of this incredible journey. Experience ‚ÄòAbbey Road‚Äô with new depth now on #AmazonMusicHD.
https://amzn.to/2CIagqt",2019-11-18T17:04:18Z
aeZKBAGOYgg,‚ÄòThat was one of the great things about John‚Ä¶‚Äô,10,The Beatles,Listen to Paul talk about writing Hey Jude and how John helped make the song we love today. Are you listening to #RedandBlue?,2023-12-01T15:39:25Z
sJTIeVxgSXc,All My Loving - Ed Sullivan,10,The Beatles, ,2013-01-16T15:14:43Z
Dd5WSqOJF7M,The Beatles REVOLVER Special Editions - Official Trailer,10,The Beatles,"GET THE BEATLES‚Äô REVOLVER INTO YOUR LIFE WITH THE NEWLY MIXED AND EXPANDED SPECIAL EDITION

Turn off your mind, relax and float downstream‚Ä¶ 

On 28th October, 'Revolver' will be released worldwide in a range of beautifully presented, newly-mixed and expanded Special Edition packages.

The new stereo mix, sourced directly from the original four-track master tapes, is brought forth in stunning clarity with the help of cutting edge de-mixing technology developed by Peter Jackson‚Äôs WingNut Films Productions Ltd.

Showcasing GRAMMY-winning original album artwork created by Klaus Voormann, the Super Deluxe CD and vinyl house a beautiful book featuring Paul McCartney‚Äôs foreword, an introduction by Giles Martin, an enlightening essay by Questlove, and insightful chapters by Kevin Howlett.

Available across 5CD/4LP Super Deluxe, 2CD Deluxe, Picture Disk, 1LP, 1CD, Download and Streaming. Dolby Atmos Mixes + original mono mix accompany never-before-released session recordings and demos, plus the ‚ÄúPaperback Writer‚Äù and ‚ÄúRain‚Äù EP.

Pre-order now: https://TheBeatles.lnk.to/Revolver2022",2022-09-07T12:53:29Z
RfNoXfJoESc,George Talks About Writing Here Comes The Sun #HereComesTheSun #BehindTheSong #RedAndBlue,10,The Beatles,"'I picked up the guitar, which was the first time I'd played for a couple of weeks because I'd been so busy, and the first thing that came out was the song' - George",2023-12-05T16:32:25Z
F8dooVupRSc,THE BEATLES NOW STREAMING,10,The Beatles,"On December 24 at 12:01am local time -- here, there and everywhere -- 

The Beatles‚Äô music is available for streaming worldwide via the following nine services:

Apple Music
Deezer
Google Play
Microsoft Groove
Napster / Rhapsody
Amazon Prime Music
Slacker Radio
Spotify
Tidal

Track The Beatles streaming launch around the world, from east to west, on thebeatles.com.

Happy Crimble, with love from us to you.

Please Please Me
With The Beatles
A Hard Day's Night
Beatles For Sale
Help!
Rubber Soul
Revolver
Sgt. Pepper's Lonely Hearts Club Band
Magical Mystery Tour
The Beatles
Yellow Submarine
Abbey Road
Let It Be
The Beatles 1962 ‚Äì 1966
The Beatles 1967 ‚Äì 1970
Past Masters (Volumes 1 & 2)
1",2015-12-23T10:41:08Z
Vi2TIV3rYzc,Jeremy Hillary Boob PhD.,10,The Beatles,"The Beatles meet the Nowhere Man in Yellow Submarine.

Visit the official website at http://www.yellowsubmarine.com

You can order your copy at http://www.thebeatles.com/store and at  http://www.itunes.com/thebeatles",2012-06-05T17:55:31Z
n_GOaRaTaJo,The Beatles Help!  Blu-Ray Trailer 2013,10,The Beatles,"""Absurd, delightful and exuberantly messy, Help! is a pure pleasure to watch.""
-- The New York Times

On June 24 (June 25 in North America), Help!, The Beatles' second feature film, makes its eagerly awaited Blu-ray debut in a single-disc package, pairing the digitally restored film and 5.1 soundtrack with an hour of extra features. An introduction by the film's director, Richard Lester, and an appreciation by Martin Scorsese are included in the Blu-ray's booklet.

Help!'s Blu-ray edition follows the 2012 release of The Beatles' digitally restored Yellow Submarine and Magical Mystery Tour feature films on Blu-ray, DVD and iTunes. 

Find out more about the release at thebeatles.com: http://gnikn.us/12AuHM2",2015-05-15T11:11:19Z
MM7v61MvHco,üé∂  We‚Äôve got a feeling üé∂  you won‚Äôt want to miss this.,10,The Beatles,"Stream The Beatles: Get Back now on  @disneyplus  

Made entirely from never-before-seen, restored footage, it provides the most intimate and honest glimpse into the creative process and relationship between John, Paul, George, and Ringo ever filmed.  

‚ÄúThe Beatles: Get Back‚Äù takes audiences back in time to the band‚Äôs January 1969 recording sessions, which became a pivotal moment in music history. The docuseries showcases The Beatles‚Äô creative process as they attempt to write 14 new songs in preparation for their first live concert in over two years. Faced with a nearly impossible deadline, the strong bonds of friendship shared by John Lennon, Paul McCartney, George Harrison, and Ringo Starr are put to the test. The docuseries is compiled from nearly 60 hours of unseen footage shot over 21 days, directed by Michael Lindsay-Hogg in 1969, and from more than 150 hours of unheard audio, most of which has been locked in a vault for over half a century.

Jackson is the only person in 50 years to have been given access to this Beatles treasure trove, all of which has now been brilliantly restored.  What emerges is an unbelievably intimate portrait of The Beatles, showing how, with their backs against the wall, they could still rely on their friendship, good humor, and creative genius. While plans derail and relationships are put to the test, some of the world‚Äôs most iconic songs are composed and performed. The docuseries features ‚Äì for the first time in its entirety ‚Äì The Beatles‚Äô last live performance as a group, the unforgettable rooftop concert on London‚Äôs Savile Row, as well as other songs and classic compositions featured on the band‚Äôs final two albums, Abbey Road and Let It Be.",2022-01-14T15:55:21Z
9lhYYFxFDHo,"The Beatles Get Back - ""We've Never Learned So Many New Numbers At Once""",10,The Beatles,"Check out this clip of The Beatles writing and rehearsing new tracks from The Beatles Get Back. Part One and Two of Peter Jackson‚Äôs three-part Original Docuseries are now streaming only on Disney+.  Part 3 streams from 27th November.

Watch The Beatles: Get Back: 
https://www.disneyplus.com/series/the-beatles-get-back/7DcWEeWVqrkED",2021-11-26T11:12:28Z
xXNv9CwrAOk,The Beatles: GetBack - The Rooftop Concert in IMAX,10,The Beatles,"US fans: In 10 days, experience the anniversary screening event of The Beatles: GetBack - The Rooftop Concert in IMAX. 

Tickets are going fast for this special screening and filmmaker Q&A on January 30.

Get tickets now: http://tickets.imax.com
#TheBeatlesGetBack",2022-01-20T22:31:18Z
MmDZbjI8nHw,I've Got A Feeling,10,The Beatles, ,2015-05-15T11:11:19Z
C3VjYK4-mFQ,‚ÄúIt looks like it was just shot yesterday.‚Äù,10,The Beatles,"‚ÄúIt looks like it was just shot yesterday.‚Äù 

Peek inside Peter Jackson‚Äôs restoration process of The Beatles
never-before-seen footage to create ""The Beatles: Get Back"". 

The Original Docuseries is now streaming on Disney+.",2021-12-05T23:26:43Z
CC8M2MyZN_M,"""There's More Here Than Meets The Eye"" - Scene from Help!",10,The Beatles,,2013-01-16T15:33:54Z
cFz1SP9SXwU,Please Please Me Mini-Documentary,10,The Beatles,"Please Please Me - the debut album release by the band, 22nd March 1963.

According to NME, March 8th 1963:   ""Things are beginning to move for the Beatles, the r-and-b styled British group. The disc 'Please Please Me' follows closely on the heels of their first hit 'Love Me Do' written by group members John Lennon and Paul McCartney.  It looks like a bright future for the Beatles, but knowing them I don't think they'll let it go to their heads.""

As recalled by George Martin ""Please Please Me was done in a day - we started at 10 o'clock in the morning finished at 11 at night, and that was the record made.""  

To celebrate the release of the band's debut album Amazon have customised their Music Homepage to match 1963 - check it out: http://amzn.to/Y3Lx6h",2013-03-22T12:34:34Z
DKYpuXr_E5s,Going To The Bahamas - Scene from Help!,10,The Beatles, ,2011-09-09T12:52:47Z
5ggH6KryhYc,"""No one else was gonna play bass. I mean, John was not gonna play bass."" - Ringo. #8DaysDVD",10,The Beatles,"""No one else was gonna play bass. I mean, John was not gonna play bass."" - Ringo. #8DaysDVD


The Beatles: Eight Days A Week Is Available Now On DVD And Blu-Ray - And In Special Edition Format Containing 100+ Minutes Of Extras

Preorder The Beatles: Eight Days A Week ‚Äì The Touring Years
DVD: http://EightDaysAWeek.lnk.to/DVD
Blu-ray: http://EightDaysAWeek.lnk.to/BluRay
Deluxe Collector‚Äôs Edition (2-DVD): http://EightDaysAWeek.lnk.to/Deluxe_DVD
Deluxe Collector‚Äôs Edition (2-Blu-ray): http://EightDaysAWeek.lnk.to/Deluxe_BluRay
Cert. 12 | Feature Running Time: 100 mins

2-disc Deluxe Collector‚Äôs Edition (DVD/BD) includes:
1 x BD/DVD feature disc
+ 1 Bonus Disc (containing approx. 100 minutes of extras, highlighted below)
64 page booklet 
Words & Music (24 mins)
Early Clues To A New Direction (18 mins)
Liverpool (11 mins)
The Beatles in Concert (12 mins)
Twist and Shout, She Loves You, Can‚Äôt Buy Me Love, You Can‚Äôt Do That and Help!
Additional features are:
‚Ä¢ Three Beatles‚Äô Fans
‚Ä¢ Ronnie Spector and The Beatles
‚Ä¢ Shooting A Hard Day‚Äôs Night
‚Ä¢ The Beatles in Australia
‚Ä¢ Recollections of Shea Stadium
‚Ä¢ The Beatles in Japan
‚Ä¢ An alternative opening for the film",2016-11-28T17:08:19Z
k9l_DbRxeqg,Dizzy Miss Lizzy Performed at Shea Stadium,10,The Beatles,"In theatres only ‚Äì digitally restored footage of the legendary performance of the Beatles in front of more than 55 000 people at Shea Stadium in 1965 will be broadcast after the feature film. 

The concert includes the band‚Äôs performances of classic songs such as ‚ÄúA Hard Day‚Äôs Night,‚Äù ‚ÄúI‚Äôm Down,‚Äù and ‚ÄúDizzy Miss Lizzy.‚Äù Book your tickets today!

thebeatleseightdaysaweek.com",2016-09-30T16:33:07Z
mlH767uV1z8,Scientists Attempt To Remove Ringo's Ring - Scene from Help!,10,The Beatles,The Beatles visit two scientists in an attempt to remove the sacrificial ring from Ringo's hand,2013-01-16T15:42:00Z
AHBJd7y7yvM,"Yellow Submarine Anniversary 7"" Picture Disc",10,The Beatles,"This July marks the 50th anniversary of our animated classic film, Yellow Submarine.

On its release in 1968, Yellow Submarine was instantly recognised as a landmark achievement. The film combined pioneering animation techniques, dazzling visual invention, witty dialogue and of course glorious music.

As part of the celebrations, we are releasing this picture disc of the title song, Yellow Submarine b/w Eleanor Rigby, which together was originally released as the band‚Äôs 13th single in August 1966.

Get yours at: https://TheBeatles.lnk.to/YellowSubmarinePictureDisc

The limited edition 7‚Äù single features images taken from the high resolution 4K restoration of the film.

Come join us 80,000 leagues under the sea, to a place where peace, love and music reign supreme!

#yellowsubmarine",2018-05-30T14:06:14Z
UqnAhdXrAKI,NOW LIVE! 'Now And Then - The Last Beatles Song' (Short Film),10,The Beatles,NOW LIVE! Head to our channel page to view the documentary and learn the full story behind ‚ÄòNow And Then‚Äô #NowAndThen,2023-11-01T20:06:14Z
dw_9upCdQOM,‚ÄòTwist And Shout nearly killed me!‚Äô - John #RedandBlue,10,The Beatles,‚ÄòTwist And Shout nearly killed me!‚Äô - Listen to John tell the story of recording the song then tell us if you‚Äôve heard the track on #RedandBlue!,2023-12-12T14:38:09Z
5AdtR-d2HJQ,Why Don't We Do It In The Road?,10,The Beatles,"Recorded 9th - 10th October 1968 at Abbey Road Studios and featured on the album ""The Beatles"" - commonly known as the White Album.",2011-10-10T13:47:12Z
pREVeDWsK9Q,The Beatles‚Äô Yellow Submarine Returns To Big Screen For One-Day Cinema Event,10,The Beatles,"TO CELEBRATE ITS 50TH ANNIVERSARY, THE BEATLES YELLOW SUBMARINE WILL BE RETURNING TO THE BIG SCREEN IN THE UK ON SUNDAY 8 JULY FOR A VERY SPECIAL CINEMA EVENT.
 
facebook.com/yellowsubmarinethefilm
 
BASED ON THE SONG BY JOHN LENNON & PAUL MCCARTNEY
FEATURING JOHN LENNON, PAUL MCCARTNEY, GEORGE HARRISON AND RINGO STARR
DIRECTED BY GEORGE DUNNING
 
‚ÄòOne of the most perfect pieces of moving art ever made.‚Äô
The Simpsons writer Josh Weinstein
 
Today might be Blue Monday but Picturehouse Entertainment are thrilled to announce the blues-banishing news that The Beatles‚Äô legendary animated hit film YELLOW SUBMARINE is returning to cinemas across the UK and Ireland on 8 July 2018.
 
An unmissable cinema event, this momentous big-screen revival will give generations of audiences the golden opportunity to revisit Pepperland for the 50th anniversary of the film‚Äôs original release.
 
The visionary feature film designed by the great art director Heinz Edelmann can now be experienced in glorious surround sound with the groundbreaking animation presented in stunningly-remastered 4k. Looking and sounding better than ever before, join John, Paul, George and Ringo on the technicolour adventure of a lifetime.
 
Illustrated with mind-bending moving images, YELLOW SUBMARINE tells the story of how The Beatles battle the music-hating Blue Meanies armed only with the power of love.
 
From Lucy In The Sky With Diamonds to Nowhere Man, and Eleanor Rigby to All You Need Is Love, YELLOW SUBMARINE features some of the most-loved songs from the greatest band the world has ever known.
 
An exuberant fusion of music, film and art, YELLOW SUBMARINE is a landmark cinematic experience that is as fun and vibrant as it was in 1968.
 
With tickets on sale from 17 April, get ready to set sail for the Sea of Green with the Fab Four once again. Go to the brand new Facebook page for updates and news about this exciting event: facebook.com/yellowsubmarinethefilm
 
Screening across the UK 8 July 2018
Certificate: U
Tickets on sale 17 April 2018
 
twitter.com/picturehouses
thebeatles.com
twitter.com/thebeatles
instagram.com/thebeatles
 
Plus a brand new Facebook page!
www.facebook.com/yellowsubmarinethefilm
 
#YellowSubmarine
 
‚ÄòOne of the most perfect pieces of moving art ever made.‚Äô
The Simpsons writer Josh Weinstein
 
‚ÄòA garish, gorgeous example of pop art at its finest, Yellow Submarine‚Äôs reappearance should give a whole new generation a chance to discover the legends.‚Äô
Caroline Westbrook - EMPIRE - ‚òÖ‚òÖ‚òÖ‚òÖ
 
‚ÄòYellow Submarine remains a masterpiece.‚Äô
The Big Issue
 
‚ÄòYellow Submarine has a proud place among The Beatles work.‚Äô
 The Times
 
‚ÄòA landmark piece of British animation‚Ä¶one of the best soundtracks of any movie, ever.‚Äô Gay Times
 
‚ÄòNot just a decent Beatle animated movie, but a brilliant one.‚Äô
Uncut",2018-01-16T16:24:31Z
4asJgVzGAsg,The Headlands,10,The Beatles,The Beatles and Jeremy wander The Headlands...,2012-05-18T18:00:59Z
sBiq39gfBh4,BEATLES ‚Äô64 - watch the new trailer.,10,The Beatles,"Journey back to 1964 and experience Beatlemania like never before. 

From producer Martin Scorsese and director David Tedeschi, stream Beatles '64, an original documentary, only on @disneyplus November 29.

The film captures the electrifying moment of The Beatles‚Äô first visit to America.¬† On February 7, 1964, The Beatles arrived in New York City to unprecedented excitement and hysteria. From the instant they landed at Kennedy Airport, met by thousands of fans, Beatlemania swept New York and the entire country. Their thrilling debut performance on The Ed Sullivan Show captivated more than 73 million viewers, the most watched television event of its time. Beatles ‚Äô64 presents the spectacle, but also tells a more intimate behind the scenes story, capturing the camaraderie of John, Paul, George, and Ringo as they experienced unimaginable fame.

The film includes rare footage filmed by pioneering documentarians Albert and David Maysles, beautifully restored in 4K by Park Road Post in New Zealand. The live performances from The Beatles‚Äô first American concert at the Washington, DC Coliseum and their Ed Sullivan appearances were demixed by WingNut Films and remixed by Giles Martin. Spotlighting this singular cultural moment and its continued resonance today, the music and footage are augmented by newly filmed interviews with Paul and Ringo, as well as fans whose lives were transformed by The Beatles.

Beatles ‚Äô64 is directed by David Tedeschi and produced by Martin Scorsese, Margaret Bodde, Paul McCartney, Ringo Starr, Olivia Harrison, Sean Ono Lennon, Jonathan Clyde, and Mikaela Beardsley, with Jeff Jones and Rick Yorn serving as executive producers.

@johnlennon @PaulMcCartney @GeorgeHarrisonOfficial @ringostarr",2024-11-14T13:57:19Z
I392lK8QUhQ,"The rooftop performance of ‚ÄúGet Back‚Äù from the forthcoming docuseries ""TheBeatles: Get Back""",10,The Beatles,"Watch a clip of @The Beatles‚Äô famous rooftop performance of ‚ÄúGet Back‚Äù from Peter Jackson‚Äôs Original Docuseries #TheBeatlesGetBack. Experience the three-part event on @DisneyPlus starting this Thursday.

Find out more about ""The Beatles:  Get Back"" at thebeatles.com

@johnlennon @PaulMcCartney @GeorgeHarrisonOfficial @ringostarr",2021-11-23T17:30:01Z
MTEzbq6FeaM,'Rubber Soul is where The Beatles were turning into the butterflies‚Äô - Ringo #RedandBlue,10,The Beatles,‚ÄòI always feel we made it on love songs and now we were getting to Rubber Soul and we were stretching a lot more‚Ä¶‚Äô Do you agree with Ringo that Rubber Soul is where The Beatles were ‚Äòturning into the butterflies‚Äô? #RedandBlue,2023-12-26T12:00:14Z
SxIudgKFKIY,Let It Be,10,The Beatles,"'And when the night is cloudy, 
There is still a light that shines on me,
Shine until tomorrow, 
Let it be.'
#redandblue",2023-11-30T11:59:26Z
Zn99sY-PdtU,Help! - DVD Trailer 2007,10,The Beatles, ,2011-09-09T12:51:27Z
XWSX3Zi2PnE,‚ÄúI'm in love with her and I feel fine.‚Äù #RedandBlue,10,The Beatles,,2023-11-22T15:36:51Z
VOa1a4hp3k0,"Happy Birthday, Paul! #PaulMcCartney80",10,The Beatles,,2022-06-18T08:00:14Z
qhL3CcbX3XA,60 years ago today - The Beatles‚Äô perform on The Ed Sullivan Show to a TV audience of 73 million.,10,The Beatles,"‚ÄúWe were aware that Ed Sullivan was the big one because we got a telegram from Elvis and the Colonel. And I‚Äôve heard that while the show was on there were no reported crimes, or very few. When The Beatles were on Ed Sullivan, even the criminals had a rest for ten minutes.‚Äù - George

#OTD 

@johnlennon @PaulMcCartney @GeorgeHarrisonOfficial @ringostarr @TheEdSullivanShow",2024-02-09T12:55:57Z
Zocme5Nangg,The Beatles #sgtpepper50,10,The Beatles,#sgtpepper,2017-04-05T13:44:30Z
sclfhlScwkk,"The Beatles Arrive In New York for their First US Visit, 7th February 1964",10,The Beatles,"Paul: ""There were millions of kids at the airport, which nobody had expected. We heard about it in mid-air. There were journalists on the plane, and the pilot had rang ahead and said, 'Tell the boys there's a big crowd waiting for them.' We thought, 'Wow! God, we really have made it.' ""

On Friday 7th February, 1964, The Beatles landed at Kennedy airport and were immediately thrust into their now-legendary first press conference there. The place was heaving with rabid reporters, seasoned journalists and camera crews from all over the world. 

From there, they took a limo to the Plaza Hotel, where they stayed during their time in NYC. The Beatles' suite was a hub of activity - a place where they anticipated, prepared for and then relaxed after each of¬† the milestone events that they were experiencing in such quick succession. They would await phone calls from journalists or to receive news of how their songs were doing in the charts; they gave in-person interviews, there, and watched themselves on television. Often, they would call into radio stations to request their favourite records. 

Bit by bit, they were getting a sense of 'America'. Still, they were tired. It had been a long trip - a long day. And George, it turns out, was coming down with flu...

Click below to see original press footage of the bands' arrival. 

To see more photos and footage and to read more about their first day in the US: http://gnikn.us/Mv28wS
Come back tomorrow to read about their second day in the States and their rehearsals for the the first live Ed Sullivan Show broadcast.

Until 23rd February, we'll be posting here about the significant events that led to Beatlemania spreading across the States. Check-in daily for photos and video from the tour, and the story of how The Beatles managed to accomplish what then had seemed impossible to do - making it in the USA.",2014-02-07T16:36:07Z
nM8swCvLu78,"Come together for the last Beatles song, 2nd November.",10,The Beatles,"#NowAndThen 
Pre-order: https://TheBeatles.lnk.to/NowAndThen

Watch more videos from The Beatles: https://thebeatles.lnk.to/YTPlaylists
Subscribe to The Beatles‚Äô YouTube channel & ring the bell to never miss a new video: https://thebeatles.lnk.to/YTSignup
Sign up for The Beatles‚Äô Official Email List: https://www.thebeatles.com/newsletter

Stream The Beatles:
üéôÔ∏è Apple Music: https://thebeatles.lnk.to/stream/Appl...
üéôÔ∏è Spotify: https://thebeatles.lnk.to/stream/Spotify
üéôÔ∏è Amazon Music: https://thebeatles.lnk.to/stream/Amaz...
üéôÔ∏è Pandora: https://thebeatles.lnk.to/stream/Pandora
üéôÔ∏è Tidal: https://thebeatles.lnk.to/stream/Tidal
üéôÔ∏è Deezer: https://thebeatles.lnk.to/stream/Deezer
üéôÔ∏è YouTube Music: https://thebeatles.lnk.to/stream/YouT...
 
Follow The Beatles:
‚≠ê https://www.thebeatles.com
‚≠ê https://www.instagram.com/thebeatles
‚≠ê https://www.facebook.com/thebeatles
‚≠ê https://www.tiktok.com/@thebeatles
‚≠ê https://twitter.com/thebeatles
 
#TheBeatles #NowAndThen #JohnLennon #PaulMcCartney #GeorgeHarrison #RingoStarr",2023-10-29T10:18:09Z
eFEFVsXLquA,"Happy Birthday, Ringo!",10,The Beatles,,2022-07-07T11:46:56Z
i0azIt4O9aA,‚ÄúWe were trying to think of how to make certain sounds that weren‚Äôt available‚Ä¶‚Äù - George #RedandBlue,10,The Beatles,"‚ÄúWe were trying to think of how to make certain sounds that weren‚Äôt available‚Ä¶‚Äù - George talks about the pull The Beatles felt to spend more time in the studio instead of touring.

Are you listening to #RedandBlue? Which track are you most into right now?",2024-01-02T12:00:34Z
yXdbvBzxeb8,Revolver: mini-documentary clip,10,The Beatles,"Revolver - the seventh album from The Beatles.  Cover art by Klaus Voormann.  The first recordings released from these sessions, engineered by Geoff Emerick, was the single ""Paperback Writer"" and ""Rain"" and those tracks gave an indication of what was to come.",2010-11-23T10:57:39Z
nDnODeyUT70,Out Now: The Beatles ‚ÄòWhite Album‚Äô 50th Anniversary Editions,10,The Beatles,"The Beatles‚Äô groundbreaking 1968 ‚ÄòWhite Album‚Äô is out now in a suite of lavishly presented ‚ÄòWhite Album‚Äô packages, including a super deluxe 7-disc set featuring 50 mostly previously unreleased recordings, all newly mixed with 5.1 surround audio as well as the much-sought after Esher Demos. The album is available in super deluxe 7-disc, deluxe 4LP, deluxe 3CD and 2LP editions,
 all with the new stereo audio mixes. Order now: http://thebeatles.lnk.to/WhiteAlbum

#beatleswhitealbum

Official site: http://www.thebeatles.com
 Facebook: https://www.facebook.com/thebeatles
 Instagram: https://www.instagram.com/thebeatles
 Twitter: https://twitter.com/thebeatles",2018-11-09T10:36:01Z
IeVK5xm_Z2I,The Beatles Arrive at JFK airport New York for their first US performances,10,The Beatles,7th February 1964 - The Beatles arrive at JFK airport in New York for their first US performances -   this was the press conference that took place...,2012-02-07T15:45:11Z
aUW4q3lP2wg,"John Lennon and The Beatles in their 1970 film, Let it Be - streaming May 8",10,The Beatles,"The Beatles' 1970 film ""Let it Be"" - directed by Michael Lindsay-Hogg - has been fully restored by Peter Jackson‚Äôs Team at Park Road Post Production for the first time, and is released on May 8th, streaming only on @DisneyPlus.",2024-05-04T16:00:01Z
qy0GkarUs2A,An Orchestral Celebration of 'Red' and 'Blue',10,The Beatles,"A private audience was treated to an orchestral performance of selected tracks from Red and Blue this week, in celebration of the release. 

Producer Giles Martin worked with composer Ben Foster to create a live performance of eight Beatles songs with a 52 piece orchestra in Studio One at Abbey Road. The medley included Now And Then, All You Need Is Love, Something, A Day In the Life, I Am The Walrus, Eleanor Rigby, Yesterday, The Long And Winding Road and Hey Jude. The evening was presented by Matt Everitt.


Credits
Director - Jeremy Cole
Creative Production - Amelia Studios
Exec Producer - Jamie Glydon
Creative Producer - Eloise Skeet
1st AD - Joshua Jacob
DOP - Zik Udenze
1st AC - Curtis Blair
Steadicam - Justin Theodore
1st AC - Shane de Almeida
Multicam - Dan Greenway
Camera Trainee - Amelia Thomas
Art Dept - MADE Workshop
Camera Kit ‚Äì Emmyland
Post Production - Bubble TV
DIT - Mario Radinovic
Edit - Steve Gibbs
Grade - Nicholas Dalby
Sound - Ben Gunstone
With thanks to Universal Music, YouTube Music & Apple Corps Ltd

Watch more videos from The Beatles: https://thebeatles.lnk.to/YTPlaylists
Subscribe to The Beatles‚Äô YouTube channel & ring the bell to never miss a new video: https://thebeatles.lnk.to/YTSignup
Sign up for The Beatles‚Äô Official Email List: https://www.thebeatles.com/newsletter
 
Stream The Beatles:
üéôÔ∏è Apple Music: https://thebeatles.lnk.to/stream/AppleMusic
üéôÔ∏è Spotify: https://thebeatles.lnk.to/stream/Spotify
üéôÔ∏è Amazon Music: https://thebeatles.lnk.to/stream/AmazonMusic
üéôÔ∏è Pandora: https://thebeatles.lnk.to/stream/Pandora
üéôÔ∏è Tidal: https://thebeatles.lnk.to/stream/Tidal
üéôÔ∏è Deezer: https://thebeatles.lnk.to/stream/Deezer
üéôÔ∏è YouTube Music: https://thebeatles.lnk.to/stream/YouTubeMusic
 
Follow The Beatles:
‚≠ê https://www.thebeatles.com
‚≠ê https://www.instagram.com/thebeatles
‚≠ê https://www.facebook.com/thebeatles
‚≠ê https://www.tiktok.com/@thebeatles
 
#TheBeatles #NowAndThen #JohnLennon #PaulMcCartney #GeorgeHarrison #RingoStarr",2023-11-21T18:47:32Z
EiNFVw0ciZM,George Harrison Talks About I'm Only Sleeping,10,The Beatles,"Order the new Revolver special editions now: https://TheBeatles.lnk.to/Revolver2022
The yawning quality of the backward guitar solo in I‚Äôm Only Sleeping perfectly complements the subject of the song. Listen to George talking about how the band made it.
#TheBeatlesRevolver",2022-12-09T12:20:55Z
ywmQAyvD6vU,Ringo Starr - ‚ÄòIt Don‚Äôt Come Easy‚Äô,10,The Beatles,"The Concert for Bangladesh, the GRAMMY¬Æ Award-winning album from George Harrison, Ravi Shankar & friends, is now available for streaming across all major digital music providers worldwide.
Stream The Concert for Bangladesh album: https://lnk.to/TheConcertForBangladesh

#concertforbangladesh 
@ringostarr @GeorgeHarrisonOfficial  @UNICEF @UNICEFUSA",2024-08-14T05:08:20Z
7MEhOrSIadU,Have you been listening to Strawberry Fields on #RedandBlue?,10,The Beatles,"Listen to John talk about writing Strawberry Fields and how initially he‚Äôd been trying to make it sound like someone having a conversation. 

Have you been listening to Strawberry Fields on #RedandBlue?",2024-01-09T12:00:14Z
RzVfPGuz7qM,John Lennon Talks About The Making Of Eleanor Rigby,10,The Beatles,"Order the new Revolver special editions now: https://TheBeatles.lnk.to/Revolver2022
Listen to John talk about helping Paul to complete the lyrics for ‚ÄòEleanor Rigby‚Äô. 
#TheBeatlesRevolver",2022-12-09T11:52:07Z
MdbkLoZ6lMI,"Ringo explains the inspiration behind his song, Octopus‚Äôs Garden.",10,The Beatles,"‚ÄúWe could be warm, beneath the storm‚Äù - Ringo explains the inspiration behind his song, Octopus‚Äôs Garden.

Are you listening to #RedandBlue? Which track are you most into right now?",2023-11-30T11:58:23Z
sToO_ybIP-8,The Beatles tell the press that they won't be their puppets. #8DaysDVD,10,The Beatles,"The Beatles tell the press that they won't be their puppets. #...

The Beatles: Eight Days A Week Is Available Now On DVD And Blu-Ray - And In Special Edition Format Containing 100+ Minutes Of Extras

Preorder The Beatles: Eight Days A Week ‚Äì The Touring Years
DVD: http://EightDaysAWeek.lnk.to/DVD
Blu-ray: http://EightDaysAWeek.lnk.to/BluRay
Deluxe Collector‚Äôs Edition (2-DVD): http://EightDaysAWeek.lnk.to/Deluxe_DVD
Deluxe Collector‚Äôs Edition (2-Blu-ray): http://EightDaysAWeek.lnk.to/Deluxe_BluRay
Cert. 12 | Feature Running Time: 100 mins

2-disc Deluxe Collector‚Äôs Edition (DVD/BD) includes:
1 x BD/DVD feature disc
+ 1 Bonus Disc (containing approx. 100 minutes of extras, highlighted below)
64 page booklet 
Words & Music (24 mins)
Early Clues To A New Direction (18 mins)
Liverpool (11 mins)
The Beatles in Concert (12 mins)
Twist and Shout, She Loves You, Can‚Äôt Buy Me Love, You Can‚Äôt Do That and Help!
Additional features are:
‚Ä¢ Three Beatles‚Äô Fans
‚Ä¢ Ronnie Spector and The Beatles
‚Ä¢ Shooting A Hard Day‚Äôs Night
‚Ä¢ The Beatles in Australia
‚Ä¢ Recollections of Shea Stadium
‚Ä¢ The Beatles in Japan
‚Ä¢ An alternative opening for the film",2016-12-12T11:50:12Z
3tQJ5_lJ4W4,The Beatles Get Back Part 1 is now streaming on @DisneyPlus. Who will you be watching with?‚Å†,10,The Beatles,"From director Peter Jackson, experience the three-part event featuring footage that‚Äôs never been seen‚Ä¶ until now. The Beatles Get Back Part 1 is now streaming on @DisneyPlus. Who will you be watching with?‚Å†",2021-11-26T10:59:01Z
Uw8wWhKP2Dg,"Watch Paul and The Beatles in their 1970 film, Let it Be - streaming May 8th.",10,The Beatles,"Directed by Michael Lindsay-Hogg, the film has been fully restored and is streaming only on @DisneyPlus.",2024-05-05T16:00:20Z
Ks-4bE0G6fA,John Lennon Talks About The Making Of Rain,10,The Beatles,"Order the new Revolver special editions now: https://TheBeatles.lnk.to/Revolver2022
The Beatles used to do the main work on a track at EMI and then take it home to see what extra elements they might want to add. Listen to John talk about how this process worked with ‚ÄòRain‚Äô.
#TheBeatlesRevolver",2022-12-09T11:49:27Z
faDsrhne5xE,‚ÄúNOW AND THEN‚Äù. THE LAST BEATLES SONG. OUT 02.11.23. #NowAndThen Pre-order today.,10,The Beatles,,2023-10-26T14:45:25Z
XIBZzQ-4GkY,Watch Ringo Starr and The Beatles in Let It Be - streaming tomorrow only on Disney Plus.,10,The Beatles,"First released in May 1970 amidst the swirl of The Beatles‚Äô breakup, ‚ÄúLet It Be‚Äù now takes its rightful place in the band‚Äôs history.   Michael Lindsay-Hogg‚Äôs original 1970 film has been meticulously restored by Peter Jackson‚Äôs Team at Park Road Post Production and launches exclusively on @disneyplus  May 8th, 2024
@ringostarr @johnlennon  @PaulMcCartney  @GeorgeHarrisonOfficial",2024-05-07T16:00:24Z
zt-ffVfDOZI,"George Harrison performing 'Here Comes The Sun'  from The Concert For Bangladesh, 1st August 1971.",10,The Beatles,"‚ÄúThe musicians were great. I mean they completely put down their own egos to play together and to do something because the whole vibe of that concert was that it was something bigger than the lot of us.‚Äù - George @GeorgeHarrisonOfficial 

For the first time, The Concert for Bangladesh, the GRAMMY¬Æ Award-winning album from George Harrison, Ravi Shankar & friends, is now available for streaming across all major digital music providers worldwide.

Stream The Concert for Bangladesh album: https://lnk.to/TheConcertForBangladesh

#concertforbangladesh",2024-08-10T17:14:55Z
zLV-aIEPREw,Magical Mystery Tour: Flying,10,The Beatles,,2017-01-23T12:21:11Z
JnTu5_cGpG0,Ringo gets his ticket,10,The Beatles, ,2012-10-12T17:03:50Z
-HtBDK0y9-k,THE BEATLES CHRISTMAS RECORDS,10,The Beatles,"‚ÄúHAPPY CHRISTMAS, BEATLE PEOPLE!‚Äù

THE BEATLES RING IN THE HOLIDAYS WITH ‚ÄòTHE CHRISTMAS RECORDS‚Äô LIMITED EDITION SEVEN-INCH VINYL BOX SET TO BE RELEASED DECEMBER 15

Preorder The Beatles‚Äô limited edition The Christmas Records box set:  http://TheBeatles.lnk.to/ChristmasRecords

The Beatles‚Äô annual holiday tradition of recording jolly Christmas messages for fan club members was an important part of the band‚Äôs relationship with their most ardent supporters, affectionately referred to by them as ‚ÄúBeatle People.‚Äù 

Spanning 1963 to 1969, The Beatles‚Äô holiday recordings were originally pressed on flexi discs and mailed to fan club members each December. Never released beyond the fan club until now, The Beatles‚Äô seven holiday messages have been newly pressed on a rainbow of seven-inch colored vinyl singles for The Christmas Records box set, to be released worldwide on December 15. The limited edition collection presents each vinyl single with its original flexi disc sleeve artwork, accompanied by a 16-page booklet with recording notes and reproductions of the fan club‚Äôs National Newsletters, which were mailed to members with the holiday flexi discs.


Tracklisting

The Beatles: The Christmas Records [limited edition box set: seven 7‚Äù colored vinyl singles]

1963: ‚ÄúThe Beatles' Christmas Record‚Äù (one-sided, 5:00 TRT)
Recorded: 17 October 1963 - Studio Two, EMI Studios, Abbey Road, London

1964: ‚ÄúAnother Beatles Christmas Record‚Äù (one-sided, 3:58 TRT)
Recorded: 26 October 1964 - Studio Two, EMI Studios, Abbey Road, London

1965: ‚ÄúThe Beatles' Third Christmas Record‚Äù (one-sided, 6:20 TRT)
Recorded: 8 November 1965 - Studio Two, EMI Studios, Abbey Road, London

1966: ‚ÄúPantomime - Everywhere It's Christmas: The Beatles' Fourth Christmas Record‚Äù (one-sided, 6:36 TRT)
Recorded: 25 November 1966 - Dick James Music, New Oxford Street, London 

1967: ‚ÄúChristmas Time (Is Here Again): The Beatles‚Äô Fifth Christmas Record‚Äù (one-sided, 6:06 TRT)
Recorded: 28 November 1967 - Studio Three, EMI Studios, Abbey Road, London

1968: ‚ÄúThe Beatles' Sixth Christmas Record‚Äù (two-sided, 7:48 TRT)
Recorded: 1968, various locations

1969: ‚ÄúThe Beatles' Seventh Christmas Record‚Äù (two-sided, 7:39 TRT)
Recorded: 1969, various locations",2017-11-02T13:12:39Z
c8t8dkRwJ-A,Listen-In To The Beatles' Recording Session Of The Song Eight Days A Week,10,The Beatles,"Listen-in to The Beatles' recording session of the song Eight Days A Week.



The Beatles: Eight Days A Week Is Available Now On DVD And Blu-Ray - And In Special Edition Format Containing 100+ Minutes Of Extras

Preorder The Beatles: Eight Days A Week ‚Äì The Touring Years
DVD: http://EightDaysAWeek.lnk.to/DVD
Blu-ray: http://EightDaysAWeek.lnk.to/BluRay
Deluxe Collector‚Äôs Edition (2-DVD): http://EightDaysAWeek.lnk.to/Deluxe_DVD
Deluxe Collector‚Äôs Edition (2-Blu-ray): http://EightDaysAWeek.lnk.to/Deluxe_BluRay
Cert. 12 | Feature Running Time: 100 mins

2-disc Deluxe Collector‚Äôs Edition (DVD/BD) includes:
1 x BD/DVD feature disc
+ 1 Bonus Disc (containing approx. 100 minutes of extras, highlighted below)
64 page booklet 
Words & Music (24 mins)
Early Clues To A New Direction (18 mins)
Liverpool (11 mins)
The Beatles in Concert (12 mins)
Twist and Shout, She Loves You, Can‚Äôt Buy Me Love, You Can‚Äôt Do That and Help!
Additional features are:
‚Ä¢ Three Beatles‚Äô Fans
‚Ä¢ Ronnie Spector and The Beatles
‚Ä¢ Shooting A Hard Day‚Äôs Night
‚Ä¢ The Beatles in Australia
‚Ä¢ Recollections of Shea Stadium
‚Ä¢ The Beatles in Japan
‚Ä¢ An alternative opening for the film",2016-12-12T11:51:45Z
nHikyT0Ffaw,George Harrison & Friends' The Concert For Bangladesh Now Streaming Worldwide,10,The Beatles,"Los Angeles | London ‚Äî August 9, 2024 ‚Äî For the first time, The Concert for Bangladesh, the GRAMMY¬Æ Award-winning album from George Harrison, Ravi Shankar & friends, is now available for streaming across all major digital music providers worldwide.

Stream / purchase The Concert for Bangladesh album here: https://lnk.to/TheConcertForBangladesh

The Concert for Bangladesh was the first major music benefit of its kind. Two sold out concerts at New York‚Äôs Madison Square Garden brought together an extraordinary assemblage of major artists collaborating for a common humanitarian goal ‚Äì setting the precedent that music could be used to serve a higher cause. 

With its triple album boxset and feature film, The Concert for Bangladesh has generated millions of dollars for UNICEF and raised awareness for the organization around the world. To quote the former United Nations Secretary-General Kofi Annan, ‚ÄúGeorge and his friends were pioneers.‚Äù

By August 1971, when George Harrison, Ravi Shankar & friends took the stage to play The Concert for Bangladesh, 10 million East Pakistani refugees had fled over the border into India, facing significant challenges, including the threat of hunger and disease. Up to that point, little public attention had been drawn to the crisis in East Pakistan/Bangladesh. Few people outside the region were aware of what was happening to these refugees or how to help those affected.

George organized the two groundbreaking concerts to direct global attention to the unfolding humanitarian crisis and raise funds for UNICEF‚Äôs work with the refugees. He assembled an all-star line-up of fellow artists including Bob Dylan, Eric Clapton, Ringo Starr, Leon Russell, Billy Preston, and, of course, Ravi Shankar:
‚ÄúThe musicians were great. I mean they completely put down their own egos to play together and to do something because the whole vibe of that concert was that it was something bigger than the lot of us.‚Äù
‚Äì George Harrison
 
Now, over 50 years later, children in Bangladesh continue to face risks from ongoing violence and unrest. But UNICEF's presence remains ‚Äì ensuring every child is healthy and protected ‚Äì and The George Harrison Fund for UNICEF continues the concert's legacy by providing support for critical UNICEF programs not only in Bangladesh, but anywhere children are in need.

The album is packed with astonishing performances and makes for a rousing listening experience. The historic collection, now celebrating over 50 years, also contains a bonus track ‚Äì the original studio version of George‚Äôs song ‚ÄúBangla Desh‚Äù, released as a single in July 1971.

All net proceeds (after taxes), will be donated to the George Harrison Fund for UNICEF at the U.S. Fund for UNICEF. For more information visit www.georgeharrisonfundforunicef.org. The U.S. Fund for UNICEF does not endorse any brand or product.

#concertforbangladesh

@UNICEF 
@UNICEFUSA@UNICEFUSA 
@GeorgeHarrisonOfficial 
@ringostarr 
@ericclapton 
@BobDylan 
@LeonRussellOfficial",2024-08-09T13:24:02Z
19M1e6JE2oE,The Beatles: 1964 U.S. Albums In Mono Vinyl Box Set,10,The Beatles,"THE BEATLES‚Äô 1964 U.S. ALBUMS COLLECTED FOR NEW MONO VINYL BOX SET & LP RELEASES, CELEBRATING 60 YEARS OF GLOBAL BEATLEMANIA
‚ÄòThe Beatles: 1964 U.S. Albums In Mono‚Äô Spotlights Seven Albums
Released in America Between January 1964 & March 1965; 180-gram Vinyl LPs Analog Cut from the Original Mono Masters
Originally compiled for U.S. release between January 1964 and March 1965 by Capitol Records and United Artists, seven Beatles albums have been analog cut for 180-gram audiophile vinyl from their original mono master tapes for global release on November 22 by Apple Corps Ltd./Capitol/UMe. Out of print on vinyl since 1995, the seven mono albums are available now for preorder in a new eight-LP box set titled The Beatles: 1964 U.S. Albums In Mono, with six of the titles also available individually.
All seven albums ‚Äì Meet The Beatles!; The Beatles‚Äô Second Album; A Hard Day‚Äôs Night (Original Motion Picture Sound Track); Something New; The Beatles‚Äô Story (2LP); Beatles ‚Äô65; and The Early Beatles ‚Äì feature faithfully replicated artwork and new four-panel inserts with essays written by American Beatles historian and author Bruce Spizer. The albums‚Äô new vinyl lacquers were cut by Kevin Reeves at Nashville‚Äôs East Iris Studios. The box set collects the seven albums, and all except The Beatles‚Äô Story are also available individually.
Order yours today! https://thebeatles.lnk.to/1964USAlbumsYD
#Beatles64",2024-09-12T12:45:05Z
m9u1h4bOItE,"Last Chance to see The Beatles LOVE!  The final performance is on July, 6 2024.",10,The Beatles,"The Beatles LOVE pays tribute to the band's artistic achievements, using real and fictional characters to explore the song's themes. 
The Beatles LOVE features several scenes inspired by the poetry of the song's lyrics with 60 performers who excel in aerial performances, extreme sports, and urban and freestyle dance.
https://www.cirquedusoleil.com/beatles-love",2024-06-13T09:42:36Z
goRjYCUhgt4,"'While My Guitar Gently Weeps‚Äô - Eric Clapton - The Concert For Bangladesh, 1st August 1971.",10,The Beatles,"For the first time, The Concert for Bangladesh, the GRAMMY¬Æ Award-winning album from George Harrison, Ravi Shankar & friends, is now available for streaming across all major digital music providers worldwide: https://lnk.to/TheConcertForBangladesh

#concertforbangladesh 
@ericclapton @GeorgeHarrisonOfficial @UNICEF @UNICEFUSA",2024-08-12T20:39:04Z
VIQDibbLujM,"‚ÄúYellow Submarine"" (Songwriting Work Tape / Part 1) by The Beatles",10,The Beatles,"Yellow Submarine,‚Äù the iconic, sunny rite of singalong passage for children everywhere, began life quite differently to the version that was released.

Available today for the very first time, listen to ‚ÄúYellow Submarine (Songwriting Work Tape / Part 1)‚Äù & ‚ÄúGot To Get You Into My Life (Second Version / Unnumbered Mix)‚Äù - taken from the forthcoming ‚ÄòRevolver‚Äô Special Editions, out next Friday 28th October.

You can stream & download it now - https://thebeatles.lnk.to/YellowSubmarinePart1 
#TheBeatlesRevolver",2022-10-21T11:37:21Z
jW30Otj3LD8,"‚ÄúI ain't got nothin' but love  babe,Eight days a week.‚Äù #RedandBlue",10,The Beatles,,2023-11-27T15:46:33Z
wCv92dcNK4k,Giles Martin Deconstructs How The Sound of 'Rain' Was Created By The Beatles In The Studio,10,The Beatles,"Pre-order the new Revolver special editions now: https://TheBeatles.lnk.to/Revolver2022

‚ÄúSuddenly the studio wasn‚Äôt a functional place where you go and perform, it was also a place where you go up in the control room and create sounds for yourself that people hadn‚Äôt heard before.‚Äù - Giles Martin deconstructs how the sound of Rain was created by The Beatles in the studio.",2022-11-21T17:41:32Z
maNWq24yxKw,Giles Martin Tells How George Martin And Paul McCartney Made Eleanor Rigby #TheBeatlesRevolver,10,The Beatles,"Pre-order the new Revolver special editions now: https://TheBeatles.lnk.to/Revolver2022

Giles Martin tells the story of the collaboration between his father, George Martin, and Paul in making Eleanor Rigby, and takes us right into the studio to hear them recording it.",2022-11-21T17:53:29Z
Itjw8tCbbXs,Who Played The Flamenco Guitar On Bungalow Bill? #BeatlesWhiteAlbum,10,The Beatles,"- Giles Martin Tells Felix White...¬†

Celebrating the 50th Anniversary of the White Album, Matt Everitt, Giles Martin, and a panel of journalists, broadcasters & artists discuss how the album has influenced musicians.  

In a world of snackable content, playlists and short attention spans, would an artist dare release such a diverse body of work now?

The Panel

Giles Martin (Producer)
Georgie Rogers (BBC 6 Music / Soho Radio / Foundation FM)
Dan Stubbs - (NME)
Felix White ‚Äì (The Maccabees / Yala! Records)
Miles Kane - (Artist)
Andy Bell ‚Äì (Ride)

Live Stream Date: Wednesday 7th Nov 2018
youtube.com/thebeatles

The Beatles‚Äô groundbreaking 1968 ‚ÄòWhite Album‚Äô is out now in a suite of lavishly presented ‚ÄòWhite Album‚Äô packages, including a super deluxe 7-disc set featuring 50 mostly previously unreleased recordings, all newly mixed with 5.1 surround audio as well as the much-sought after Esher Demos. The album is available in super deluxe 7-disc, deluxe 4LP, deluxe 3CD and 2LP editions,
 all with the new stereo audio mixes. Order now: http://thebeatles.lnk.to/WhiteAlbum

#beatleswhitealbum

Official site: http://www.thebeatles.com
 Facebook: https://www.facebook.com/thebeatles
 Instagram: https://www.instagram.com/thebeatles
 Twitter: https://twitter.com/thebeatles",2019-02-05T12:22:52Z
xFNEhqY7yx8,Here‚Äôs a surprising magical story about Now and Then. #NowAndThen,10,The Beatles,,2023-11-21T14:30:06Z
_6NHLSB0WV4,The Beatles 1 Video Collection Restoration Trailer,10,The Beatles,"ALL-NEW EDITIONS OF THE BEATLES 1 VIDEO COLLECTION PAIR BEAUTIFULLY RESTORED PROMOTIONAL FILMS AND VIDEOS WITH BRAND NEW STEREO SURROUND AUDIO MIXES. 

It‚Äôs The Beatles, as you‚Äôve never seen them before. 

Explore The Beatles 1 Blu-ray/DVD at thebeatles.com

Available to pre-order:
1+ Deluxe 2Blu-ray/CD: http://thebeatles1.lnk.to/DeluxeBluRay
1+ Deluxe 2DVD/CD: http://thebeatles1.lnk.to/DeluxeDVD
CD/Blu-ray: http://thebeatles1.lnk.to/CDBlu-Ray
CD/DVD: http://thebeatles1.lnk.to/CDDVD
Blu-ray: http://thebeatles1.lnk.to/Blu-Ray
DVD: http://thebeatles1.lnk.to/DVD
1CD: http://thebeatles1.lnk.to/CD",2015-09-16T19:18:07Z
5yQOcrYUz84,The Beatles: 1964 U.S. Albums In Mono,10,The Beatles,"Kevin Reeves, Mastering Engineer for The Beatles: 1964 U.S. Albums In Mono, tells us how the US releases are completely unique from The Beatles' UK releases.
#beatles64
Pre-order:  https://thebeatles.lnk.to/1964USAlbums",2024-11-04T17:43:15Z
eoJeF6igM9I,Giles Martin Talks About How You Hear Each Beatle As An Individual In #TheBeatlesRevolver,10,The Beatles,"Pre-order the new Revolver special editions now: https://TheBeatles.lnk.to/Revolver2022

‚ÄúThe thing with Revolver is you hear all four of them, and you hear all four of their input onto it‚Äù - Giles Martin talks us through some of the elements that came together to make Revolver what it is.",2022-11-21T17:51:26Z
LOUwUglhBX0,'Jumpin' Jack Flash' - Leon Russell,10,The Beatles,"For the first time, The Concert for Bangladesh, the GRAMMY¬Æ Award-winning album from George Harrison, Ravi Shankar & friends, is now available for streaming across all major digital music providers worldwide.
Stream The Concert for Bangladesh album: https://lnk.to/TheConcertForBangladesh
@LeonRussellOfficial @GeorgeHarrisonOfficial",2024-08-11T17:11:05Z
-evKmkjLryU,"Listen To The New Mix Of ""For No One"" From The Revolver Special Editions",10,The Beatles,"Order the new Revolver special editions now: https://TheBeatles.lnk.to/Revolver2022

About this song, Paul mused, ‚ÄòI think that‚Äôs one of the nice things about the English language, that you can take things in multiple ways, ‚ÄúYour day breaks‚Äù works on the level of both ‚Äúyour day begins‚Äù and ‚Äúyour day is broken‚Äù and ‚ÄúShe makes up‚Äù is working in a couple of ways: putting on your make up and making up after an argument.‚Äô
#thebeatlesrevolver",2022-12-12T11:45:36Z
i3F2DXahjSk,"Listen To The New Mix Of ""Eleanor Rigby"" From The Revolver Special Editions",10,The Beatles,"Order the new Revolver special editions now: https://TheBeatles.lnk.to/Revolver2022
About ""Eleanor Rigby"", Paul remembered, ‚ÄòI wrote it at the piano, just vamping an E minor chord, letting that stay as a vamp and putting a melody over it, just danced over the top of it. It has almost Asian Indian rhythms.‚Äô
#thebeatlesrevolver",2022-12-09T17:22:05Z
tLhMsCLXAUo,Bob Dylan - 'Just Like A Woman',10,The Beatles,"Bob Dylan - 'Just Like A Woman'.  
'The Concert For Bangladesh', the GRAMMY¬Æ Award-winning album from George Harrison, Ravi Shankar & friends, is now available for streaming across all major digital music providers worldwide. 
https://lnk.to/TheConcertForBangladesh

@BobDylan  @GeorgeHarrisonOfficial  @UNICEF  @UNICEFUSA",2024-08-12T16:36:47Z
2iBcSaELAxs,TV Premiere of The Beatles: Eight Days A Week,10,The Beatles,"Watch the UK TV Premiere of The Beatles: Eight Days A Week on Channel 4 this Friday, 5th January, at 9pm.

""This film is fantastic. So many live performances I've never seen before plus revealing, candid interviews. @RealRonHoward did a wonderful job on this film. #EightDaysAWeek"" - via @eriktmpls, on Twitter.",2018-01-02T18:03:54Z
feAltgyZa4Q,‚ÄòThat‚Äôs The Way God Planned It‚Äô by Billy Preston at The Concert For Bangladesh.,10,The Beatles,"The GRAMMY¬Æ Award-winning album from George Harrison, Ravi Shankar & friends, is now available on streaming services worldwide. 
Stream The Concert for Bangladesh album: https://lnk.to/TheConcertForBangladesh
@GeorgeHarrisonOfficial",2024-08-11T21:22:05Z
BTxuuyDNZC4,ARENA:  Paul Gambaccini:  It's a graft of Englishness and Psychedelia,10,The Beatles, ,2012-10-08T09:39:52Z
1iFoWjsm27Q,First US Visit Clip 2,10,The Beatles, ,2011-09-09T13:05:57Z
